{"_id":{"$oid":"594c378224fb7ea73b127818"},"design_theme":"image","kiosk_title":"WELCOME TO","kiosk_title_2":"OUR NEIGHBORHOOD","background_color":{"hsl":{"h":31.7647058823529,"s":1,"l":0.9,"a":1},"hex":"#FFE7CC","rgba":{"r":255,"g":231,"b":204,"a":1},"hsv":{"h":31.7647058823529,"s":0.2,"v":1,"a":1},"oldHue":139.285714285714,"source":"hex","a":1},"text_color":{"hsl":{"h":202.962962962963,"s":0.801980198019802,"l":0.198039215686275,"a":1},"hex":"#0A3C5B","rgba":{"r":10,"g":60,"b":91,"a":1},"hsv":{"h":202.962962962963,"s":0.89010989010989,"v":0.356862745098039,"a":1},"oldHue":271.914893617021,"source":"hex","a":1},"background_color_inverted":{"hsl":{"h":0,"s":0,"l":100,"a":1},"hex":"#FFFFFF","rgba":{"r":255,"g":255,"b":255,"a":1},"hsv":{"h":0,"s":0,"v":100,"a":1},"a":1},"text_color_inverted":{"hsl":{"h":0,"s":0,"l":100,"a":1},"hex":"#FFFFFF","rgba":{"r":255,"g":255,"b":255,"a":1},"hsv":{"h":0,"s":0,"v":100,"a":1},"a":1},"show_logo":"off","park_logo_uri":"park_logo_indigo_1504894170.png","bg_image_home_uri":"bg_1504894887.png","bg_image_detail_uri":"bg-blurred_1504906989.png","timeout_in_second":300}
